Workbook

Sheet Dashboard
A1: SMART PAYROLL & TIME TRACKING
A2: Excel 365 • Manual Timesheets • CSV/Power Query Ready • Formula-Driven Payroll
A4: Active Employees | C4: Total Hours | E4: Gross Payroll | G4: Net Payroll
A5: =COUNTIF(Employees!J2:J1000,"Yes") | C5: =SUM(Payroll_Calc!C2:C1000)+SUM(Payroll_Calc!D2:D1000) | E5: =SUM(Payroll_Calc!H2:H1000) | G5: =SUM(Payroll_Calc!L2:L1000)
A7: PAY PERIOD
A8: Start | B8: =Settings!B2 | C8: End | D8: =Settings!B3
A10: EMPLOYEE PAYROLL SNAPSHOT
A11: Employee | B11: Regular Hrs | C11: OT Hrs | D11: Gross Pay | E11: Tax | F11: Net Pay
A12: =Payroll_Calc!B2 | B12: =Payroll_Calc!C2 | C12: =Payroll_Calc!D2 | D12: =Payroll_Calc!H2 | E12: =Payroll_Calc!J2 | F12: =Payroll_Calc!L2
A13: =Payroll_Calc!B3 | B13: =Payroll_Calc!C3 | C13: =Payroll_Calc!D3 | D13: =Payroll_Calc!H3 | E13: =Payroll_Calc!J3 | F13: =Payroll_Calc!L3
A14: =Payroll_Calc!B4 | B14: =Payroll_Calc!C4 | C14: =Payroll_Calc!D4 | D14: =Payroll_Calc!H4 | E14: =Payroll_Calc!J4 | F14: =Payroll_Calc!L4

Sheet README
A1: PAYROLL & TIME TRACKING WORKBOOK
A2: Purpose | B2: Track employee hours and calculate payroll in one Excel 365 workbook.
A3: Workflow | B3: Employees → Timesheet / CSV Import → Payroll_Calc → Payroll_Summary
A4: Manual entry | B4: Enter dates, Employee IDs, regular hours and overtime hours on Timesheet.
A5: CSV import | B5: Use Power Query in Excel: Data → Get Data → From Text/CSV. Load the transformed data to Import_Raw.
A6: Important | B6: Tax and deduction fields are configurable placeholders. Confirm applicable payroll/tax rules before production use.
A7: Overtime | B7: Overtime hours and multiplier are separated so overtime rules can be changed later.
A8: Testing | B8: Sample data is included. Change hours or rates and verify Payroll_Summary updates.
A9: Protection | B9: Formula/report sheets are intended to be protected after testing; input areas remain editable.

Sheet Employees
A1: Employee ID | B1: Employee Name | C1: Department | D1: Job Title | E1: Employment Status | F1: Pay Type | G1: Hourly Rate | H1: Tax % | I1: Other Deduction % | J1: Active
A2: E001 | B2: John Smith | C2: Sales | D2: Sales Associate | E2: Full-Time | F2: Hourly | G2: 20 | H2: 0.1 | I2: 0 | J2: Yes
A3: E002 | B3: Sarah Lee | C3: HR | D3: HR Specialist | E3: Full-Time | F3: Hourly | G3: 25 | H3: 0.1 | I3: 0 | J3: Yes
A4: E003 | B4: David Brown | C4: IT | D4: Support Analyst | E4: Part-Time | F4: Hourly | G4: 22 | H4: 0.1 | I4: 0 | J4: Yes

Sheet Settings
A1: Setting | B1: Value
A2: Pay Period Start | B2: 2026-09-01
A3: Pay Period End | B3: 2026-09-15
A4: Standard Hours / Day | B4: 8
A5: Overtime Multiplier | B5: 1.5
A6: Default Tax Rate | B6: 0.1

Sheet Timesheet
A1: Date | B1: Employee ID | C1: Employee Name | D1: Regular Hours | E1: Overtime Hours | F1: Hourly Rate | G1: Regular Pay | H1: OT Pay | I1: Gross Pay | J1: Source | K1: Notes
A2: 2026-09-01 | B2: E001 | C2: =IFERROR(XLOOKUP(B2,tblEmployees[Employee ID],tblEmployees[Employee Name],""),"") | D2: 8 | E2: 0 | F2: =IFERROR(XLOOKUP(B2,tblEmployees[Employee ID],tblEmployees[Hourly Rate],0),0) | G2: =D2*F2 | H2: =E2*F2*Settings!$B$5 | I2: =G2+H2 | J2: Manual
A3: 2026-09-02 | B3: E001 | C3: =IFERROR(XLOOKUP(B3,tblEmployees[Employee ID],tblEmployees[Employee Name],""),"") | D3: 8 | E3: 2 | F3: =IFERROR(XLOOKUP(B3,tblEmployees[Employee ID],tblEmployees[Hourly Rate],0),0) | G3: =D3*F3 | H3: =E3*F3*Settings!$B$5 | I3: =G3+H3 | J3: Manual
A4: 2026-09-01 | B4: E002 | C4: =IFERROR(XLOOKUP(B4,tblEmployees[Employee ID],tblEmployees[Employee Name],""),"") | D4: 8 | E4: 0 | F4: =IFERROR(XLOOKUP(B4,tblEmployees[Employee ID],tblEmployees[Hourly Rate],0),0) | G4: =D4*F4 | H4: =E4*F4*Settings!$B$5 | I4: =G4+H4 | J4: Manual
A5: 2026-09-02 | B5: E002 | C5: =IFERROR(XLOOKUP(B5,tblEmployees[Employee ID],tblEmployees[Employee Name],""),"") | D5: 8 | E5: 0 | F5: =IFERROR(XLOOKUP(B5,tblEmployees[Employee ID],tblEmployees[Hourly Rate],0),0) | G5: =D5*F5 | H5: =E5*F5*Settings!$B$5 | I5: =G5+H5 | J5: Manual
A6: 2026-09-01 | B6: E003 | C6: =IFERROR(XLOOKUP(B6,tblEmployees[Employee ID],tblEmployees[Employee Name],""),"") | D6: 8 | E6: 0 | F6: =IFERROR(XLOOKUP(B6,tblEmployees[Employee ID],tblEmployees[Hourly Rate],0),0) | G6: =D6*F6 | H6: =E6*F6*Settings!$B$5 | I6: =G6+H6 | J6: Manual

Sheet Import_Raw
A1: Employee ID | B1: Date | C1: Clock In | D1: Clock Out | E1: Break Hours | F1: Hours Worked | G1: Source
A2: E001 | B2: 2026-09-01 | C2: 08:00 | D2: 17:00 | E2: 1 | F2: =MAX(0,MOD(D2-C2,1)*24-E2) | G2: Sample CSV
A3: E001 | B3: 2026-09-02 | C3: 08:00 | D3: 18:00 | E3: 1 | F3: =MAX(0,MOD(D3-C3,1)*24-E3) | G3: Sample CSV
A4: E002 | B4: 2026-09-01 | C4: 09:00 | D4: 17:30 | E4: 0.5 | F4: =MAX(0,MOD(D4-C4,1)*24-E4) | G4: Sample CSV
A5: E003 | B5: 2026-09-01 | C5: 08:30 | D5: 17:00 | E5: 0.5 | F5: =MAX(0,MOD(D5-C5,1)*24-E5) | G5: Sample CSV

Sheet Payroll_Calc
A1: Employee ID | B1: Employee Name | C1: Regular Hours | D1: OT Hours | E1: Hourly Rate | F1: Regular Pay | G1: OT Pay | H1: Gross Pay | I1: Tax % | J1: Tax | K1: Other Deduction | L1: Net Pay
A2: E001 | B2: =IFERROR(XLOOKUP(A2,tblEmployees[Employee ID],tblEmployees[Employee Name],""),"") | C2: =SUMIFS(tblTimesheet[Regular Hours],tblTimesheet[Employee ID],A2,tblTimesheet[Date],">="&Settings!$B$2,tblTimesheet[Date],"<="&Settings!$B$3) | D2: =SUMIFS(tblTimesheet[Overtime Hours],tblTimesheet[Employee ID],A2,tblTimesheet[Date],">="&Settings!$B$2,tblTimesheet[Date],"<="&Settings!$B$3) | E2: =IFERROR(XLOOKUP(A2,tblEmployees[Employee ID],tblEmployees[Hourly Rate],0),0) | F2: =C2*E2 | G2: =D2*E2*Settings!$B$5 | H2: =F2+G2 | I2: =IFERROR(XLOOKUP(A2,tblEmployees[Employee ID],tblEmployees[Tax %],Settings!$B$6),Settings!$B$6) | J2: =H2*I2 | K2: =H2*IFERROR(XLOOKUP(A2,tblEmployees[Employee ID],tblEmployees[Other Deduction %],0),0) | L2: =H2-J2-K2
A3: E002 | B3: =IFERROR(XLOOKUP(A3,tblEmployees[Employee ID],tblEmployees[Employee Name],""),"") | C3: =SUMIFS(tblTimesheet[Regular Hours],tblTimesheet[Employee ID],A3,tblTimesheet[Date],">="&Settings!$B$2,tblTimesheet[Date],"<="&Settings!$B$3) | D3: =SUMIFS(tblTimesheet[Overtime Hours],tblTimesheet[Employee ID],A3,tblTimesheet[Date],">="&Settings!$B$2,tblTimesheet[Date],"<="&Settings!$B$3) | E3: =IFERROR(XLOOKUP(A3,tblEmployees[Employee ID],tblEmployees[Hourly Rate],0),0) | F3: =C3*E3 | G3: =D3*E3*Settings!$B$5 | H3: =F3+G3 | I3: =IFERROR(XLOOKUP(A3,tblEmployees[Employee ID],tblEmployees[Tax %],Settings!$B$6),Settings!$B$6) | J3: =H3*I3 | K3: =H3*IFERROR(XLOOKUP(A3,tblEmployees[Employee ID],tblEmployees[Other Deduction %],0),0) | L3: =H3-J3-K3
A4: E003 | B4: =IFERROR(XLOOKUP(A4,tblEmployees[Employee ID],tblEmployees[Employee Name],""),"") | C4: =SUMIFS(tblTimesheet[Regular Hours],tblTimesheet[Employee ID],A4,tblTimesheet[Date],">="&Settings!$B$2,tblTimesheet[Date],"<="&Settings!$B$3) | D4: =SUMIFS(tblTimesheet[Overtime Hours],tblTimesheet[Employee ID],A4,tblTimesheet[Date],">="&Settings!$B$2,tblTimesheet[Date],"<="&Settings!$B$3) | E4: =IFERROR(XLOOKUP(A4,tblEmployees[Employee ID],tblEmployees[Hourly Rate],0),0) | F4: =C4*E4 | G4: =D4*E4*Settings!$B$5 | H4: =F4+G4 | I4: =IFERROR(XLOOKUP(A4,tblEmployees[Employee ID],tblEmployees[Tax %],Settings!$B$6),Settings!$B$6) | J4: =H4*I4 | K4: =H4*IFERROR(XLOOKUP(A4,tblEmployees[Employee ID],tblEmployees[Other Deduction %],0),0) | L4: =H4-J4-K4

Sheet Payroll_Summary
A1: PAYROLL SUMMARY
A2: Pay Period Start | B2: =Settings!B2 | C2: Pay Period End | D2: =Settings!B3
A4: Employee ID | B4: Employee Name | C4: Regular Hours | D4: OT Hours | E4: Gross Pay | F4: Tax | G4: Other Deductions | H4: Net Pay
A5: =Payroll_Calc!A2 | B5: =Payroll_Calc!B2 | C5: =Payroll_Calc!C2 | D5: =Payroll_Calc!D2 | E5: =Payroll_Calc!E2 | F5: =Payroll_Calc!F2 | G5: =Payroll_Calc!G2 | H5: =Payroll_Calc!H2
A6: =Payroll_Calc!A3 | B6: =Payroll_Calc!B3 | C6: =Payroll_Calc!C3 | D6: =Payroll_Calc!D3 | E6: =Payroll_Calc!E3 | F6: =Payroll_Calc!F3 | G6: =Payroll_Calc!G3 | H6: =Payroll_Calc!H3
A7: =Payroll_Calc!A4 | B7: =Payroll_Calc!B4 | C7: =Payroll_Calc!C4 | D7: =Payroll_Calc!D4 | E7: =Payroll_Calc!E4 | F7: =Payroll_Calc!F4 | G7: =Payroll_Calc!G4 | H7: =Payroll_Calc!H4
A8: TOTAL | C8: =SUM(C5:C7) | D8: =SUM(D5:D7) | E8: =SUM(E5:E7) | F8: =SUM(F5:F7) | G8: =SUM(G5:G7) | H8: =SUM(H5:H7)
